First Name,Last Name,,Combined Names
Heinz K.,Becker,,Heinz K. Becker
Eugen,Freund,,Eugen Freund
Karoline,Graswander-Hainz,,Karoline Graswander-Hainz
Karin,Kadenbach,,Karin Kadenbach
Barbara,Kappel,,Barbara Kappel
Othmar,Karas,,Othmar Karas
Lukas,Mandl,,Lukas Mandl
Georg,Mayer,,Georg Mayer
Angelika,Mlinar,,Angelika Mlinar
Franz,Obermayr,,Franz Obermayr
Evelyn,Regner,,Evelyn Regner
Michel,Reimon,,Michel Reimon
Paul,Rübig,,Paul Rübig
Claudia,Schmidt,,Claudia Schmidt
Monika,Vana,,Monika Vana
Harald,Vilimsky,,Harald Vilimsky
Thomas,Waitz,,Thomas Waitz
Josef,Weidenholzer,,Josef Weidenholzer
Gerolf,Annemans,,Gerolf Annemans
Maria,Arena,,Maria Arena
Pascal,Arimont,,Pascal Arimont
Hugues,Bayet,,Hugues Bayet
Ivo,Belet,,Ivo Belet
Mark,Demesmaeker,,Mark Demesmaeker
Gérard,Deprez,,Gérard Deprez
Philippe,Lamberts,,Philippe Lamberts
Louis,Michel,,Louis Michel
Ralph,Packet,,Ralph Packet
Frédérique,Ries,,Frédérique Ries
Claude,Rolin,,Claude Rolin
Bart,Staes,,Bart Staes
Helga,Stevens,,Helga Stevens
Marc,Tarabella,,Marc Tarabella
Anneleen,Van Bossuyt,,Anneleen Van Bossuyt
Kathleen,Van Brempt,,Kathleen Van Brempt
Tom,Vandenkendelaere,,Tom Vandenkendelaere
Hilde,Vautmans,,Hilde Vautmans
Guy,Verhofstadt,,Guy Verhofstadt
Lieve,Wierinck,,Lieve Wierinck
Asim,Ademov,,Asim Ademov
Nedzhmi,Ali,,Nedzhmi Ali
Nikolay,Barekov,,Nikolay Barekov
Angel,Dzhambazki,,Angel Dzhambazki
Filiz,Hyusmenova,,Filiz Hyusmenova
Peter,Kouroumbashev,,Peter Kouroumbashev
Andrey,Kovatchev,,Andrey Kovatchev
Ilhan,Kyuchyuk,,Ilhan Kyuchyuk
Svetoslav Hristov,Malinov,,Svetoslav Hristov Malinov
Eva,Maydell,,Eva Maydell
Iskra,Mihaylova,,Iskra Mihaylova
Momchil,Nekov,,Momchil Nekov
Andrey,Novakov,,Andrey Novakov
Georgi,Pirinski,,Georgi Pirinski
Emil,Radev,,Emil Radev
Sergei,Stanishev,,Sergei Stanishev
Vladimir,Urutchev,,Vladimir Urutchev
Biljana,Borzan,,Biljana Borzan
Ivan,Jakovčić,,Ivan Jakovčić
Ivana,Maletić,,Ivana Maletić
Marijana,Petir,,Marijana Petir
Tonino,Picula,,Tonino Picula
Jozo,Radoš,,Jozo Radoš
Davor,Škrlec,,Davor Škrlec
Dubravka,Šuica,,Dubravka Šuica
Ivica,Tolić,,Ivica Tolić
Ruža,Tomašić,,Ruža Tomašić
Željana,Zovko,,Željana Zovko
Lefteris,Christoforou,,Lefteris Christoforou
Takis,Hadjigeorgiou,,Takis Hadjigeorgiou
Costas,Mavrides,,Costas Mavrides
Demetris,Papadakis,,Demetris Papadakis
Neoklis,Sylikiotis,,Neoklis Sylikiotis
Eleni,Theocharous,,Eleni Theocharous
Dita,Charanzová,,Dita Charanzová
Martina,Dlabajová,,Martina Dlabajová
Petr,Ježek,,Petr Ježek
Jan,Keller,,Jan Keller
Jaromír,Kohlíček,,Jaromír Kohlíček
Kateřina,Konečná,,Kateřina Konečná
Jiří,Maštálka,,Jiří Maštálka
Luděk,Niedermayer,,Luděk Niedermayer
Jiří,Payne,,Jiří Payne
Pavel,Poc,,Pavel Poc
Miroslav,Poche,,Miroslav Poche
Stanislav,Polčák,,Stanislav Polčák
Jiří,Pospíšil,,Jiří Pospíšil
Olga,Sehnalová,,Olga Sehnalová
Michaela,Šojdrová,,Michaela Šojdrová
Jaromír,Štětina,,Jaromír Štětina
Pavel,Svoboda,,Pavel Svoboda
Pavel,Telička,,Pavel Telička
Evžen,Tošenovský,,Evžen Tošenovský
Jan,Zahradil,,Jan Zahradil
Tomáš,Zdechovský,,Tomáš Zdechovský
Margrete,Auken,,Margrete Auken
Bendt,Bendtsen,,Bendt Bendtsen
Ole,Christensen,,Ole Christensen
Jørn,Dohrmann,,Jørn Dohrmann
Rina Ronja,Kari,,Rina Ronja Kari
Rikke-Louise,Karlsson,,Rikke-Louise Karlsson
Jeppe,Kofod,,Jeppe Kofod
Morten,Løkkegaard,,Morten Løkkegaard
Morten,Messerschmidt,,Morten Messerschmidt
Morten Helveg,Petersen,,Morten Helveg Petersen
Jens,Rohde,,Jens Rohde
Christel,Schaldemose,,Christel Schaldemose
Anders Primdahl,Vistisen,,Anders Primdahl Vistisen
Igor,Gräzin,,Igor Gräzin
Tunne,Kelam,,Tunne Kelam
Ivari,Padar,,Ivari Padar
Urmas,Paet,,Urmas Paet
Indrek,Tarand,,Indrek Tarand
Yana,Toom,,Yana Toom
Jussi,Halla-Aho,,Jussi Halla-Aho
Heidi,Hautala,,Heidi Hautala
Liisa,Jaakonsaari,,Liisa Jaakonsaari
Anneli,Jäätteenmäki,,Anneli Jäätteenmäki
Elsi,Katainen,,Elsi Katainen
Miapetra,Kumpula-Natri,,Miapetra Kumpula-Natri
Merja,Kyllönen,,Merja Kyllönen
Sirpa,Pietikäinen,,Sirpa Pietikäinen
Pirkko,Ruohonen-Lerner,,Pirkko Ruohonen-Lerner
Petri,Sarvamaa,,Petri Sarvamaa
Nils,Torvalds,,Nils Torvalds
Mirja,Vehkaperä,,Mirja Vehkaperä
Henna,Virkkunen,,Henna Virkkunen
Michèle,Alliot-Marie,,Michèle Alliot-Marie
Eric,Andrieu,,Eric Andrieu
Marie-Christine,Arnautu,,Marie-Christine Arnautu
Jean,Arthuis,,Jean Arthuis
Guillaume,Balas,,Guillaume Balas
Nicolas,Bay,,Nicolas Bay
Pervenche,Berès,,Pervenche Berès
Joëlle,Bergeron,,Joëlle Bergeron
Dominique,Bilde,,Dominique Bilde
Marie-Christine,Boutonnet,,Marie-Christine Boutonnet
José,Bové,,José Bové
Steeve,Briois,,Steeve Briois
Alain,Cadec,,Alain Cadec
Jean-Marie,Cavada,,Jean-Marie Cavada
Aymeric,Chauprade,,Aymeric Chauprade
Jacques,Colombier,,Jacques Colombier
Thierry,Cornillet,,Thierry Cornillet
Arnaud,Danjean,,Arnaud Danjean
Michel,Dantin,,Michel Dantin
Rachida,Dati,,Rachida Dati
Angélique,Delahaye,,Angélique Delahaye
Karima,Delli,,Karima Delli
Geoffroy,Didier,,Geoffroy Didier
Mireille,D'Ornano,,Mireille D'Ornano
Pascal,Durand,,Pascal Durand
Karine,Gloanec Maurin,,Karine Gloanec Maurin
Sylvie,Goddyn,,Sylvie Goddyn
Bruno,Gollnisch,,Bruno Gollnisch
Nathalie,Griesbeck,,Nathalie Griesbeck
Françoise,Grossetête,,Françoise Grossetête
Sylvie,Guillaume,,Sylvie Guillaume
Brice,Hortefeux,,Brice Hortefeux
Yannick,Jadot,,Yannick Jadot
Jean-François,Jalkh,,Jean-François Jalkh
France,Jamet,,France Jamet
Eva,Joly,,Eva Joly
Marc,Joulaud,,Marc Joulaud
Philippe,Juvin,,Philippe Juvin
Patricia,Lalonde,,Patricia Lalonde
Alain,Lamassoure,,Alain Lamassoure
Jérôme,Lavrilleux,,Jérôme Lavrilleux
Patrick,Le Hyaric,,Patrick Le Hyaric
Jean-Marie,Le Pen,,Jean-Marie Le Pen
Gilles,Lebreton,,Gilles Lebreton
Christelle,Lechevalier,,Christelle Lechevalier
Philippe,Loiseau,,Philippe Loiseau
Louis-Joseph,Manscour,,Louis-Joseph Manscour
Dominique,Martin,,Dominique Martin
Edouard,Martin,,Edouard Martin
Emmanuel,Maurel,,Emmanuel Maurel
Joëlle,Mélin,,Joëlle Mélin
Bernard,Monot,,Bernard Monot
Sophie,Montel,,Sophie Montel
Nadine,Morano,,Nadine Morano
Elisabeth,Morin-Chartier,,Elisabeth Morin-Chartier
Renaud,Muselier,,Renaud Muselier
Younous,Omarjee,,Younous Omarjee
Gilles,Pargneaux,,Gilles Pargneaux
Vincent,Peillon,,Vincent Peillon
Florian,Philippot,,Florian Philippot
Maurice,Ponga,,Maurice Ponga
Franck,Proust,,Franck Proust
Christine,Revault D'Allonnes Bonnefoy,,Christine Revault D'Allonnes Bonnefoy
Dominique,Riquet,,Dominique Riquet
Michèle,Rivasi,,Michèle Rivasi
Robert,Rochefort,,Robert Rochefort
Virginie,Rozière,,Virginie Rozière
Tokia,Saïfi,,Tokia Saïfi
Anne,Sander,,Anne Sander
Jean-Luc,Schaffhauser,,Jean-Luc Schaffhauser
Isabelle,Thomas,,Isabelle Thomas
Mylène,Troszczynski,,Mylène Troszczynski
Marie-Christine,Vergiat,,Marie-Christine Vergiat
Marie-Pierre,Vieu,,Marie-Pierre Vieu
Reimer,Böge,,Reimer Böge
Elmar,Brok,,Elmar Brok
Klaus,Buchner,,Klaus Buchner
Udo,Bullmann,,Udo Bullmann
Reinhard,Bütikofer,,Reinhard Bütikofer
Daniel,Caspary,,Daniel Caspary
Birgit,Collin-Langen,,Birgit Collin-Langen
Michael,Cramer,,Michael Cramer
Albert,Dess,,Albert Dess
Michael,Detjen,,Michael Detjen
Stefan,Eck,,Stefan Eck
Christian,Ehler,,Christian Ehler
Cornelia,Ernst,,Cornelia Ernst
Ismail,Ertug,,Ismail Ertug
Markus,Ferber,,Markus Ferber
Knut,Fleckenstein,,Knut Fleckenstein
Karl-Heinz,Florenz,,Karl-Heinz Florenz
Romeo,Franz,,Romeo Franz
Michael,Gahler,,Michael Gahler
Evelyne,Gebhardt,,Evelyne Gebhardt
Stefan,Gehrold,,Stefan Gehrold
Jens,Geier,,Jens Geier
Arne,Gericke,,Arne Gericke
Sven,Giegold,,Sven Giegold
Jens,Gieseke,,Jens Gieseke
Ingeborg,Grässle,,Ingeborg Grässle
Thomas,Händel,,Thomas Händel
Rebecca,Harms,,Rebecca Harms
Martin,Häusling,,Martin Häusling
Hans-Olaf,Henkel,,Hans-Olaf Henkel
Maria,Heubuch,,Maria Heubuch
Nadja,Hirsch,,Nadja Hirsch
Iris,Hoffmann,,Iris Hoffmann
Monika,Hohlmeier,,Monika Hohlmeier
Peter,Jahr,,Peter Jahr
Petra,Kammerevert,,Petra Kammerevert
Sylvia-Yvonne,Kaufmann,,Sylvia-Yvonne Kaufmann
Ska,Keller,,Ska Keller
Wolf,Klinz,,Wolf Klinz
Dieter-Lebrecht,Koch,,Dieter-Lebrecht Koch
Arndt,Kohn,,Arndt Kohn
Bernd,Kölmel,,Bernd Kölmel
Dietmar,Köster,,Dietmar Köster
Constanze,Krehl,,Constanze Krehl
Werner,Kuhn,,Werner Kuhn
Bernd,Lange,,Bernd Lange
Werner,Langen,,Werner Langen
Jo,Leinen,,Jo Leinen
Peter,Liese,,Peter Liese
Arne,Lietz,,Arne Lietz
Norbert,Lins,,Norbert Lins
Barbara,Lochbihler,,Barbara Lochbihler
Sabine,Lösing,,Sabine Lösing
Bernd,Lucke,,Bernd Lucke
Thomas,Mann,,Thomas Mann
David,McAllister,,David McAllister
Gesine,Meissner,,Gesine Meissner
Susanne,Melior,,Susanne Melior
Jörg,Meuthen,,Jörg Meuthen
Martina,Michels,,Martina Michels
Ulrike,Müller,,Ulrike Müller
Norbert,Neuser,,Norbert Neuser
Angelika,Niebler,,Angelika Niebler
Maria,Noichl,,Maria Noichl
Markus,Pieper,,Markus Pieper
Marcus,Pretzell,,Marcus Pretzell
Gabriele,Preuss,,Gabriele Preuss
Godelieve,Quisthoudt-Rowohl,,Godelieve Quisthoudt-Rowohl
Dennis,Radtke,,Dennis Radtke
Julia,Reda,,Julia Reda
Terry,Reintke,,Terry Reintke
Ulrike,Rodust,,Ulrike Rodust
Martin,Schirdewan,,Martin Schirdewan
Helmut,Scholz,,Helmut Scholz
Sven,Schulze,,Sven Schulze
Joachim,Schuster,,Joachim Schuster
Andreas,Schwab,,Andreas Schwab
Peter,Simon,,Peter Simon
Birgit,Sippel,,Birgit Sippel
Renate,Sommer,,Renate Sommer
Martin,Sonneborn,,Martin Sonneborn
Joachim,Starbatty,,Joachim Starbatty
Ulrike,Trebesius,,Ulrike Trebesius
Helga,Trüpel,,Helga Trüpel
Sabine,Verheyen,,Sabine Verheyen
Udo,Voigt,,Udo Voigt
Axel,Voss,,Axel Voss
Manfred,Weber,,Manfred Weber
Martina,Werner,,Martina Werner
Kerstin,Westphal,,Kerstin Westphal
Rainer,Wieland,,Rainer Wieland
Hermann,Winkler,,Hermann Winkler
Babette,Winter,,Babette Winter
Tiemo,Wölken,,Tiemo Wölken
Joachim,Zeller,,Joachim Zeller
Gabriele,Zimmer,,Gabriele Zimmer
Nikos,Androulakis,,Nikos Androulakis
Nikolaos,Chountis,,Nikolaos Chountis
Kostas,Chrysogonos,,Kostas Chrysogonos
Georgios,Epitideios,,Georgios Epitideios
Lampros,Fountoulis,,Lampros Fountoulis
Giorgos,Grammatikakis,,Giorgos Grammatikakis
Eva,Kaili,,Eva Kaili
Manolis,Kefalogiannis,,Manolis Kefalogiannis
Stelios,Kouloglou,,Stelios Kouloglou
Kostadinka,Kuneva,,Kostadinka Kuneva
Miltiadis,Kyrkos,,Miltiadis Kyrkos
Georgios,Kyrtsos,,Georgios Kyrtsos
Notis,Marias,,Notis Marias
Konstantinos,Papadakis,,Konstantinos Papadakis
Dimitrios,Papadimoulis,,Dimitrios Papadimoulis
Sofia,Sakorafa,,Sofia Sakorafa
Maria,Spyraki,,Maria Spyraki
Eleftherios,Synadinos,,Eleftherios Synadinos
Elissavet,Vozemberg-Vrionidi,,Elissavet Vozemberg-Vrionidi
Theodoros,Zagorakis,,Theodoros Zagorakis
Sotirios,Zarianopoulos,,Sotirios Zarianopoulos
Zoltán,Balczó,,Zoltán Balczó
Andrea,Bocskor,,Andrea Bocskor
Andor,Deli,,Andor Deli
Tamás,Deutsch,,Tamás Deutsch
Norbert,Erdős,,Norbert Erdős
Kinga,Gál,,Kinga Gál
András,Gyürk,,András Gyürk
György,Hölvényi,,György Hölvényi
Lívia,Járóka,,Lívia Járóka
Benedek,Jávor,,Benedek Jávor
Ádám,Kósa,,Ádám Kósa
Béla,Kovács,,Béla Kovács
Tamás,Meszerics,,Tamás Meszerics
Csaba,Molnár,,Csaba Molnár
Krisztina,Morvai,,Krisztina Morvai
Péter,Niedermüller,,Péter Niedermüller
György,Schöpflin,,György Schöpflin
József,Szájer,,József Szájer
Tibor,Szanyi,,Tibor Szanyi
László,Tőkés,,László Tőkés
István,Ujhelyi,,István Ujhelyi
Lynn,Boylan,,Lynn Boylan
Matt,Carthy,,Matt Carthy
Nessa,Childers,,Nessa Childers
Deirdre,Clune,,Deirdre Clune
Brian,Crowley,,Brian Crowley
Luke Ming,Flanagan,,Luke Ming Flanagan
Marian,Harkin,,Marian Harkin
Brian,Hayes,,Brian Hayes
Seán,Kelly,,Seán Kelly
Mairead,McGuinness,,Mairead McGuinness
Liadh,Ní Riada,,Liadh Ní Riada
Isabella,Adinolfi,,Isabella Adinolfi
Marco,Affronte,,Marco Affronte
Laura,Agea,,Laura Agea
Daniela,Aiuto,,Daniela Aiuto
Tiziana,Beghin,,Tiziana Beghin
Brando,Benifei,,Brando Benifei
Goffredo Maria,Bettini,,Goffredo Maria Bettini
Mara,Bizzotto,,Mara Bizzotto
Simona,Bonafè,,Simona Bonafè
Mario,Borghezio,,Mario Borghezio
David,Borrelli,,David Borrelli
Mercedes,Bresso,,Mercedes Bresso
Renata,Briano,,Renata Briano
Nicola,Caputo,,Nicola Caputo
Fabio Massimo,Castaldo,,Fabio Massimo Castaldo
Lorenzo,Cesa,,Lorenzo Cesa
Caterina,Chinnici,,Caterina Chinnici
Salvatore,Cicu,,Salvatore Cicu
Angelo,Ciocca,,Angelo Ciocca
Alberto,Cirio,,Alberto Cirio
Sergio Gaetano,Cofferati,,Sergio Gaetano Cofferati
Lara,Comi,,Lara Comi
Ignazio,Corrao,,Ignazio Corrao
Silvia,Costa,,Silvia Costa
Andrea,Cozzolino,,Andrea Cozzolino
Rosa,d'Amato,,Rosa d'Amato
Nicola,Danti,,Nicola Danti
Paolo,De Castro,,Paolo De Castro
Isabella,De Monte,,Isabella De Monte
Herbert,Dorfmann,,Herbert Dorfmann
Eleonora,Evi,,Eleonora Evi
Giuseppe,Ferrandino,,Giuseppe Ferrandino
Laura,Ferrara,,Laura Ferrara
Raffaele,Fitto,,Raffaele Fitto
Eleonora,Forenza,,Eleonora Forenza
Elisabetta,Gardini,,Elisabetta Gardini
Enrico,Gasbarra,,Enrico Gasbarra
Elena,Gentile,,Elena Gentile
Michela,Giuffrida,,Michela Giuffrida
Roberto,Gualtieri,,Roberto Gualtieri
Cécile Kashetu,Kyenge,,Cécile Kashetu Kyenge
Giovanni,La Via,,Giovanni La Via
Danilo Oscar,Lancini,,Danilo Oscar Lancini
Innocenzo,Leontini,,Innocenzo Leontini
Curzio,Maltese,,Curzio Maltese
Fulvio,Martusciello,,Fulvio Martusciello
Barbara,Matera,,Barbara Matera
Stefano,Maullu,,Stefano Maullu
Giulia,Moi,,Giulia Moi
Luigi,Morgano,,Luigi Morgano
Alessia Maria,Mosca,,Alessia Maria Mosca
Alessandra,Mussolini,,Alessandra Mussolini
Pier Antonio,Panzeri,,Pier Antonio Panzeri
Massimo,Paolucci,,Massimo Paolucci
Aldo,Patriciello,,Aldo Patriciello
Piernicola,Pedicini,,Piernicola Pedicini
Pina,Picierno,,Pina Picierno
Massimiliano,Salini,,Massimiliano Salini
David-Maria,Sassoli,,David-Maria Sassoli
Elly,Schlein,,Elly Schlein
Giancarlo,Scottà,,Giancarlo Scottà
Remo,Sernagiotto,,Remo Sernagiotto
Renato,Soru,,Renato Soru
Barbara,Spinelli,,Barbara Spinelli
Antonio,Tajani,,Antonio Tajani
Dario,Tamburrano,,Dario Tamburrano
Patrizia,Toia,,Patrizia Toia
Marco,Valli,,Marco Valli
Daniele,Viotti,,Daniele Viotti
Marco,Zanni,,Marco Zanni
Flavio,Zanonato,,Flavio Zanonato
Damiano,Zoffoli,,Damiano Zoffoli
Marco,Zullo,,Marco Zullo
Iveta,Grigule-Pēterse,,Iveta Grigule-Pēterse
Sandra,Kalniete,,Sandra Kalniete
Aleksejs,Loskutovs,,Aleksejs Loskutovs
Andrejs,Mamikins,,Andrejs Mamikins
Miroslavs,Mitrofanovs,,Miroslavs Mitrofanovs
Kārlis,Šadurskis ,,Kārlis Šadurskis 
Inese,Vaidere,,Inese Vaidere
Roberts,Zīle,,Roberts Zīle
Laima Liucija,Andrikienė,,Laima Liucija Andrikienė
Petras,Auštrevičius,,Petras Auštrevičius
Zigmantas,Balčytis,,Zigmantas Balčytis
Vilija,Blinkevičiūtė,,Vilija Blinkevičiūtė
Antanas,Guoga,,Antanas Guoga
Valentinas,Mazuronis,,Valentinas Mazuronis
Rolandas,Paksas,,Rolandas Paksas
Bronis,Ropė,,Bronis Ropė
Algirdas,Saudargas,,Algirdas Saudargas
Valdemar,Tomaševski,,Valdemar Tomaševski
Viktor,Uspaskich,,Viktor Uspaskich
Georges,Bach,,Georges Bach
Mady,Delvaux,,Mady Delvaux
Frank,Engel,,Frank Engel
Charles,Goerens,,Charles Goerens
Christophe,Hansen,,Christophe Hansen
Tilly,Metz,,Tilly Metz
David,Casa,,David Casa
Miriam,Dalli,,Miriam Dalli
Roberta,Metsola,,Roberta Metsola
Marlene,Mizzi,,Marlene Mizzi
Alfred,Sant,,Alfred Sant
Francis,Zammit Dimech,,Francis Zammit Dimech
Bas,Belder,,Bas Belder
Marcel,de Graaff,,Marcel de Graaff
Dennis,de Jong,,Dennis de Jong
Esther,de Lange,,Esther de Lange
Bas,Eickhout,,Bas Eickhout
André,Elissen,,André Elissen
Gerben-Jan,Gerbrandy,,Gerben-Jan Gerbrandy
Anja,Hazekamp,,Anja Hazekamp
Jan,Huitema,,Jan Huitema
Sophie,in 't Veld,,Sophie in 't Veld
Agnes,Jongerius,,Agnes Jongerius
Jeroen,Lenaers,,Jeroen Lenaers
Anne-Marie,Mineur,,Anne-Marie Mineur
Caroline,Nagtegaal,,Caroline Nagtegaal
Kati,Piri,,Kati Piri
Judith,Sargentini,,Judith Sargentini
Marietje,Schaake,,Marietje Schaake
Annie,Schreijer-Pierik,,Annie Schreijer-Pierik
Olaf,Stuger,,Olaf Stuger
Paul,Tang,,Paul Tang
Johannes Cornelis,van Baalen,,Johannes Cornelis van Baalen
Peter,van Dalen,,Peter van Dalen
Wim,van de Camp,,Wim van de Camp
Matthijs,van Miltenburg,,Matthijs van Miltenburg
Lambert,van Nistelrooij,,Lambert van Nistelrooij
Auke,Zijlstra,,Auke Zijlstra
Michał,Boni,,Michał Boni
Jerzy,Buzek,,Jerzy Buzek
Ryszard,Czarnecki,,Ryszard Czarnecki
Edward,Czesak,,Edward Czesak
Anna Elżbieta,Fotyga,,Anna Elżbieta Fotyga
Lidia Joanna,Geringer de Oedenberg,,Lidia Joanna Geringer de Oedenberg
Adam,Gierek,,Adam Gierek
Beata,Gosiewska,,Beata Gosiewska
Andrzej,Grzyb,,Andrzej Grzyb
Krzysztof,Hetman,,Krzysztof Hetman
Czesław,Hoc,,Czesław Hoc
Danuta Maria,Hübner,,Danuta Maria Hübner
Robert Jarosław,Iwaszkiewicz,,Robert Jarosław Iwaszkiewicz
Danuta,Jazłowiecka,,Danuta Jazłowiecka
Marek,Jurek,,Marek Jurek
Jarosław,Kalinowski,,Jarosław Kalinowski
Karol,Karski,,Karol Karski
Sławomir,Kłosowski,,Sławomir Kłosowski
Agnieszka,Kozłowska-Rajewicz,,Agnieszka Kozłowska-Rajewicz
Zdzisław,Krasnodębski,,Zdzisław Krasnodębski
Urszula,Krupa,,Urszula Krupa
Barbara,Kudrycka,,Barbara Kudrycka
Zbigniew,Kuźmiuk,,Zbigniew Kuźmiuk
Ryszard Antoni,Legutko,,Ryszard Antoni Legutko
Janusz,Lewandowski,,Janusz Lewandowski
Bogusław,Liberadzki,,Bogusław Liberadzki
Elżbieta Katarzyna,Łukacijewska,,Elżbieta Katarzyna Łukacijewska
Krystyna,Łybacka,,Krystyna Łybacka
Michał,Marusik,,Michał Marusik
Jan,Olbrycht,,Jan Olbrycht
Stanisław,Ożóg,,Stanisław Ożóg
Bolesław G.,Piecha,,Bolesław G. Piecha
Mirosław,Piotrowski,,Mirosław Piotrowski
Julia,Pitera,,Julia Pitera
Marek,Plura,,Marek Plura
Tomasz Piotr,Poręba,,Tomasz Piotr Poręba
Dariusz,Rosati,,Dariusz Rosati
Jacek,Saryusz-Wolski,,Jacek Saryusz-Wolski
Czesław Adam,Siekierski,,Czesław Adam Siekierski
Bogusław,Sonik,,Bogusław Sonik
Dobromir,Sośnierz,,Dobromir Sośnierz
Adam,Szejnfeld,,Adam Szejnfeld
Kazimierz Michał,Ujazdowski,,Kazimierz Michał Ujazdowski
Róża Gräfin,von Thun Und Hohenstein,,Róża Gräfin von Thun Und Hohenstein
Jarosław,Wałęsa,,Jarosław Wałęsa
Jadwiga,Wiśniewska,,Jadwiga Wiśniewska
Bogdan Andrzej,Zdrojewski,,Bogdan Andrzej Zdrojewski
Janusz,Zemke,,Janusz Zemke
Kosma,Złotowski,,Kosma Złotowski
Stanisław,Żółtek,,Stanisław Żółtek
Tadeusz,Zwiefka,,Tadeusz Zwiefka
Francisco,Assis,,Francisco Assis
Carlos,Coelho,,Carlos Coelho
Manuel,dos Santos,,Manuel dos Santos
José Inácio,Faria,,José Inácio Faria
José Manuel,Fernandes,,José Manuel Fernandes
João,Ferreira,,João Ferreira
Ana,Gomes,,Ana Gomes
António,Marinho e Pinto,,António Marinho e Pinto
Marisa,Matias,,Marisa Matias
Nuno,Melo,,Nuno Melo
Cláudia,Monteiro De Aguiar,,Cláudia Monteiro De Aguiar
João,Pimenta Lopes,,João Pimenta Lopes
Paulo,Rangel,,Paulo Rangel
Sofia,Ribeiro,,Sofia Ribeiro
Liliana,Rodrigues,,Liliana Rodrigues
Maria João,Rodrigues,,Maria João Rodrigues
Fernando,Ruas,,Fernando Ruas
Ricardo,Serrão Santos,,Ricardo Serrão Santos
Pedro,Silva Pereira,,Pedro Silva Pereira
Miguel,Viegas,,Miguel Viegas
Carlos,Zorrinho,,Carlos Zorrinho
Victor,Boştinaru,,Victor Boştinaru
Daniel,Buda,,Daniel Buda
Cristian-Silviu,Buşoi,,Cristian-Silviu Buşoi
Andi,Cristea,,Andi Cristea
Mircea,Diaconu,,Mircea Diaconu
Damian,Drăghici,,Damian Drăghici
Doru-Claudian,Frunzulică,,Doru-Claudian Frunzulică
Maria,Grapini,,Maria Grapini
Cătălin Sorin,Ivan,,Cătălin Sorin Ivan
Monica,Macovei,,Monica Macovei
Ramona Nicole,Mănescu,,Ramona Nicole Mănescu
Marian-Jean,Marinescu,,Marian-Jean Marinescu
Sorin,Moisă,,Sorin Moisă
Siegfried,Mureşan,,Siegfried Mureşan
Dan,Nica,,Dan Nica
Norica,Nicolai,,Norica Nicolai
Ioan Mircea,Paşcu,,Ioan Mircea Paşcu
Emilian,Pavel,,Emilian Pavel
Răzvan,Popa,,Răzvan Popa
Cristian Dan,Preda,,Cristian Dan Preda
Laurenţiu,Rebega,,Laurenţiu Rebega
Daciana Octavia,Sârbu,,Daciana Octavia Sârbu
Csaba,Sógor,,Csaba Sógor
Theodor Dumitru,Stolojan,,Theodor Dumitru Stolojan
Claudiu Ciprian,Tănăsescu,,Claudiu Ciprian Tănăsescu
Claudia,Țapardel,,Claudia Țapardel
Mihai,Ţurcanu,,Mihai Ţurcanu
Traian,Ungureanu,,Traian Ungureanu
Adina-Ioana,Vălean,,Adina-Ioana Vălean
Renate,Weber,,Renate Weber
Iuliu,Winkler,,Iuliu Winkler
Maria Gabriela,Zoană,,Maria Gabriela Zoană
Monika,Beňová,,Monika Beňová
Pál,Csáky,,Pál Csáky
Eduard,Kukan,,Eduard Kukan
Vladimír,Maňka,,Vladimír Maňka
Miroslav,Mikolášik,,Miroslav Mikolášik
József,Nagy,,József Nagy
Branislav,Škripek,,Branislav Škripek
Monika,Smolková,,Monika Smolková
Ivan,Štefanec,,Ivan Štefanec
Richard,Sulík,,Richard Sulík
Anna,Záborská,,Anna Záborská
Boris,Zala,,Boris Zala
Jana,Žitňanská,,Jana Žitňanská
Franc,Bogovič,,Franc Bogovič
Tanja,Fajon,,Tanja Fajon
Alojz,Peterle,,Alojz Peterle
Igor,Šoltes,,Igor Šoltes
Patricija,Šulin,,Patricija Šulin
Romana,Tomc,,Romana Tomc
Ivo,Vajgl,,Ivo Vajgl
Milan,Zver,,Milan Zver
Clara Eugenia,Aguilera García,,Clara Eugenia Aguilera García
Marina,Albiol Guzmán,,Marina Albiol Guzmán
Inés,Ayala Sender,,Inés Ayala Sender
Pilar,Ayuso,,Pilar Ayuso
Beatriz,Becerra Basterrechea,,Beatriz Becerra Basterrechea
Xabier,Benito Ziluaga,,Xabier Benito Ziluaga
Izaskun,Bilbao Barandica,,Izaskun Bilbao Barandica
José,Blanco López,,José Blanco López
Soledad,Cabezón Ruiz,,Soledad Cabezón Ruiz
Enrique,Calvet Chambon,,Enrique Calvet Chambon
Javier,Couso Permuy,,Javier Couso Permuy
Luis,de Grandes Pascual,,Luis de Grandes Pascual
Pilar,del Castillo Vera,,Pilar del Castillo Vera
Agustín,Díaz De Mera García Consuegra,,Agustín Díaz De Mera García Consuegra
Rosa,Estaràs Ferragut,,Rosa Estaràs Ferragut
Jonás,Fernández,,Jonás Fernández
Santiago,Fisas Ayxelà,,Santiago Fisas Ayxelà
Francesc,Gambús,,Francesc Gambús
Iratxe,García Pérez,,Iratxe García Pérez
Eider,Gardiazabal Rubial,,Eider Gardiazabal Rubial
María Teresa,Giménez Barbat,,María Teresa Giménez Barbat
Tania,González Peñas,,Tania González Peñas
Esteban,González Pons,,Esteban González Pons
Enrique,Guerrero Salom,,Enrique Guerrero Salom
Sergio,Gutiérrez Prieto,,Sergio Gutiérrez Prieto
Esther,Herranz García,,Esther Herranz García
Carlos,Iturgaiz,,Carlos Iturgaiz
Ramón,Jáuregui Atondo,,Ramón Jáuregui Atondo
Teresa,Jiménez-Becerril Barrio,,Teresa Jiménez-Becerril Barrio
Verónica,Lope Fontagné,,Verónica Lope Fontagné
Javi,López,,Javi López
Juan Fernando,López Aguilar,,Juan Fernando López Aguilar
Paloma,López Bermejo,,Paloma López Bermejo
Antonio,López-Istúriz White,,Antonio López-Istúriz White
Florent,Marcellesi,,Florent Marcellesi
Gabriel,Mato,,Gabriel Mato
Francisco José,Millán Mon,,Francisco José Millán Mon
Ana,Miranda,,Ana Miranda
Javier,Nart,,Javier Nart
Maite,Pagazaurtundúa Ruiz,,Maite Pagazaurtundúa Ruiz
Carolina,Punset,,Carolina Punset
Inmaculada,Rodríguez-Piñero Fernández,,Inmaculada Rodríguez-Piñero Fernández
José Ignacio,Salafranca Sánchez-Neyra,,José Ignacio Salafranca Sánchez-Neyra
Lola,Sánchez Caldentey,,Lola Sánchez Caldentey
Maria Lidia,Senra Rodríguez,,Maria Lidia Senra Rodríguez
Jordi,Solé,,Jordi Solé
Josep-Maria,Terricabras,,Josep-Maria Terricabras
Estefanía,Torres Martínez,,Estefanía Torres Martínez
Ramon,Tremosa I Balcells,,Ramon Tremosa I Balcells
Miguel,Urbán Crespo,,Miguel Urbán Crespo
Ernest,Urtasun,,Ernest Urtasun
Ramón Luis,Valcárcel Siso,,Ramón Luis Valcárcel Siso
Elena,Valenciano,,Elena Valenciano
Ángela,Vallina,,Ángela Vallina
Max,Andersson,,Max Andersson
Malin,Björk,,Malin Björk
Anna Maria,Corazza Bildt,,Anna Maria Corazza Bildt
Jakop,Dalunde,,Jakop Dalunde
Linnéa,Engström,,Linnéa Engström
Fredrick,Federley,,Fredrick Federley
Christofer,Fjellner,,Christofer Fjellner
Aleksander,Gabelic,,Aleksander Gabelic
Jytte,Guteland,,Jytte Guteland
Anna,Hedh,,Anna Hedh
Gunnar,Hökmark,,Gunnar Hökmark
Olle,Ludvigsson,,Olle Ludvigsson
Peter,Lundgren,,Peter Lundgren
Soraya,Post,,Soraya Post
Jasenko,Selimovic,,Jasenko Selimovic
Anders,Sellström,,Anders Sellström
Marita,Ulvskog,,Marita Ulvskog
Bodil,Valero,,Bodil Valero
Cecilia,Wikström,,Cecilia Wikström
Kristina,Winberg,,Kristina Winberg
William,(The Earl Of) Dartmouth,,William (The Earl Of) Dartmouth
John Stuart,Agnew,,John Stuart Agnew
Tim,Aker,,Tim Aker
Lucy,Anderson,,Lucy Anderson
Martina,Anderson,,Martina Anderson
Jonathan,Arnott,,Jonathan Arnott
Richard,Ashworth,,Richard Ashworth
Janice,Atkinson,,Janice Atkinson
Amjad,Bashir,,Amjad Bashir
Gerard,Batten,,Gerard Batten
Catherine,Bearder,,Catherine Bearder
Louise,Bours,,Louise Bours
Paul,Brannen,,Paul Brannen
Jonathan,Bullock,,Jonathan Bullock
David,Campbell Bannerman,,David Campbell Bannerman
James,Carver,,James Carver
David,Coburn,,David Coburn
Jane,Collins,,Jane Collins
Richard,Corbett,,Richard Corbett
Daniel,Dalton,,Daniel Dalton
Seb,Dance,,Seb Dance
Nirj,Deva,,Nirj Deva
Diane,Dodds,,Diane Dodds
Bill,Etheridge,,Bill Etheridge
Jill,Evans,,Jill Evans
Nigel,Farage,,Nigel Farage
Raymond,Finch,,Raymond Finch
John,Flack,,John Flack
Jacqueline,Foster,,Jacqueline Foster
Ashley,Fox,,Ashley Fox
Neena,Gill,,Neena Gill
Nathan,Gill,,Nathan Gill
Julie,Girling,,Julie Girling
Theresa,Griffin,,Theresa Griffin
Daniel,Hannan,,Daniel Hannan
Mary,Honeyball,,Mary Honeyball
Mike,Hookem,,Mike Hookem
John,Howarth,,John Howarth
Ian,Hudghton,,Ian Hudghton
Diane,James,,Diane James
Syed,Kamall,,Syed Kamall
Sajjad,Karim,,Sajjad Karim
Wajid,Khan,,Wajid Khan
Jude,Kirton-Darling,,Jude Kirton-Darling
Jean,Lambert,,Jean Lambert
David,Martin,,David Martin
Rupert,Matthews,,Rupert Matthews
Alex,Mayer,,Alex Mayer
Linda,McAvan,,Linda McAvan
Emma,Mcclarkin,,Emma Mcclarkin
Anthea,Mcintyre,,Anthea Mcintyre
Baroness Nosheena,Mobarik,,Baroness Nosheena Mobarik
Clare,Moody,,Clare Moody
Claude,Moraes,,Claude Moraes
James,Nicholson,,James Nicholson
Paul,Nuttall,,Paul Nuttall
Patrick,O'Flynn,,Patrick O'Flynn
Rory,Palmer,,Rory Palmer
Margot,Parker,,Margot Parker
John,Procter,,John Procter
Julia,Reid,,Julia Reid
Molly,Scott Cato,,Molly Scott Cato
Jill,Seymour,,Jill Seymour
Siôn,Simon,,Siôn Simon
Alyn,Smith,,Alyn Smith
Kay,Swinburne,,Kay Swinburne
Charles,Tannock,,Charles Tannock
Keith,Taylor,,Keith Taylor
Geoffrey,Van Orden,,Geoffrey Van Orden
Derek,Vaughan,,Derek Vaughan
Julie,Ward,,Julie Ward
Steven,Woolfe,,Steven Woolfe
